date,name,company_name,description_of_company,favourite_memory,favourite_city_and_why,favourite_food_and_why,occupation,description_of_job,experience_relevant_to_job,growth_plan
2023-08-13,James Padilla,Microsoft,"An American multinational technology corporation which produces computer software, consumer electronics, personal computers, and related services.",Use world sure long fine dinner.,"London, for its historical landmarks and diverse cultural scene. for its historical landmarks and diverse cultural scene. Additionally, London has hosted the Summer Olympics three times: in 1908, 1948, and 2012.","Pizza, because it's versatile, delicious, and brings people together.",Project Manager,Oversees projects from start to finish to ensure they meet company goals.,Game image scientist girl them receive.,Claim score out local meeting all.
2020-06-09,Eric Rogers,Facebook,An American online social media and social networking service owned by Meta Platforms.,Plant especially information clear.,"Paris, for its beautiful architecture for its beautiful architecture Additionally, The Eiffel Tower was supposed to be a temporary installation, intended to stand for 20 years after being constructed for the 1889 World Fair.","Chocolate, because it's comforting, decadent, and a sweet treat for any occasion.",Product Manager,Oversees the development of products from conception through launch.,Decide despite then environment.,Enough order degree appear trial design ten nothing be.
2023-12-17,Christopher King,Google,A multinational technology company that specializes in Internet-related services and products.,Thus bad front decade.,"Tokyo, for its unique blend of traditional and modern for its unique blend of traditional and modern Additionally, It's considered one of the world's most important and powerful global cities.","Sushi, for its fresh flavors and artful presentation.",Graphic Designer,"Creates visual concepts to communicate ideas that inspire, inform, or captivate consumers.",Very development lead point.,Finally glass officer group fill house hard camera.
2023-02-22,Tina Escobar,Microsoft,"An American multinational technology corporation which produces computer software, consumer electronics, personal computers, and related services.",Their small walk want blood worry wish.,"New York, because of its vibrant city life and diversity. because of its vibrant city life and diversity. Additionally, It's home to the largest metropolitan zoo in the US.","Pasta, for its comfort, versatility in dishes, and rich flavors.",Data Analyst,Interprets data and turns it into information which can offer ways to improve a business.,Raise physical show sing.,Computer either stand responsibility serve ever performance financial ahead cold.
2019-12-05,Joshua Lewis,Google,"An American multinational technology corporation which produces computer software, consumer electronics, personal computers, and related services.",Give friend green eat agent finally fine.,"Paris, for its beautiful architecture for its beautiful architecture Additionally, Paris is known as the 'City of Light', originally because of its leading role during the Age of Enlightenment and more literally because Paris was one of the first large European cities to use gas street lighting on a grand scale on its boulevards and monuments.","Pizza, because it's versatile, delicious, and brings people together.",Software Engineer,Develops and maintains software applications.,Foot night morning anything.,Color wind look enjoy our task true thousand themselves number.
2020-06-01,Samantha Becker,Facebook,An American online social media and social networking service owned by Meta Platforms.,Page campaign interesting talk meeting mission oil.,"Sydney, for its stunning harbour for its stunning harbour Additionally, Sydney Harbour Bridge is the world's largest steel arch bridge.","Chocolate, because it's comforting, decadent, and a sweet treat for any occasion.",Graphic Designer,"Creates visual concepts to communicate ideas that inspire, inform, or captivate consumers.",Write office tree.,Event hotel population hot prepare community group rule possible four.
2022-05-15,Jesse Crawford,Tesla,An American electric vehicle and clean energy company.,Brother likely will radio far.,"Sydney, for its stunning harbour for its stunning harbour Additionally, The Sydney Opera House design was inspired by orange segments.","Pasta, for its comfort, versatility in dishes, and rich flavors.",Software Engineer,Develops and maintains software applications.,Former lawyer law note.,Certainly seat note carry positive.
2020-12-16,Ronald Jones,Facebook,An American online social media and social networking service owned by Meta Platforms.,Yeah religious already style.,"Sydney, for its stunning harbour for its stunning harbour Additionally, The Sydney Opera House design was inspired by orange segments.","Pizza, because it's versatile, delicious, and brings people together.",Graphic Designer,"Creates visual concepts to communicate ideas that inspire, inform, or captivate consumers.",Pass he law garden player.,Central nice down general physical today enter character.
2019-06-16,Michael Ali,Google,A multinational technology company that specializes in Internet-related services and products.,Rule she history claim.,"London, for its historical landmarks and diverse cultural scene. for its historical landmarks and diverse cultural scene. Additionally, London has hosted the Summer Olympics three times: in 1908, 1948, and 2012.","Tacos, for their flavor-packed bites and customizable fillings.",Data Analyst,Interprets data and turns it into information which can offer ways to improve a business.,Along system throw indicate our degree.,Involve behind he take hard civil.
2020-01-18,Kristy Alvarez,Microsoft,"An American multinational technology corporation which produces computer software, consumer electronics, personal computers, and related services.",Hear inside prove gun.,"New York, because of its vibrant city life and diversity. because of its vibrant city life and diversity. Additionally, It's home to the largest metropolitan zoo in the US.","Sushi, for its fresh flavors and artful presentation.",Data Analyst,Interprets data and turns it into information which can offer ways to improve a business.,Form like professional sound theory live.,Movie management behavior impact sea appear.
2021-06-23,Joseph Martinez,Tesla,An American electric vehicle and clean energy company.,Always successful indeed easy behavior growth.,"Tokyo, for its unique blend of traditional and modern for its unique blend of traditional and modern Additionally, Tokyo was once known as Edo.","Pizza, because it's versatile, delicious, and brings people together.",Project Manager,Oversees projects from start to finish to ensure they meet company goals.,Power guy exactly catch staff sister herself.,Type along oil recent course.
2022-07-23,Dr. Joel Simmons,Google,A multinational technology company that specializes in Internet-related services and products.,Appear building sense century military always.,"London, for its historical landmarks and diverse cultural scene. for its historical landmarks and diverse cultural scene. Additionally, More than half of the London Underground network actually runs above ground.","Sushi, for its fresh flavors and artful presentation.",Data Analyst,Interprets data and turns it into information which can offer ways to improve a business.,Player they station listen.,Certain hold effect top.
2023-05-06,Sarah King,Google,A multinational technology company that specializes in Internet-related services and products.,Decision once that film team article.,"Tokyo, for its unique blend of traditional and modern for its unique blend of traditional and modern Additionally, Tokyo was once known as Edo.","Pasta, for its comfort, versatility in dishes, and rich flavors.",Project Manager,Oversees projects from start to finish to ensure they meet company goals.,One senior light popular resource.,Though production sell difference case.
2023-12-01,Sheila Bond,Amazon,"An American multinational conglomerate which focuses on e-commerce, cloud computing, digital streaming, and artificial intelligence.",House recent design indicate.,"Tokyo, for its unique blend of traditional and modern for its unique blend of traditional and modern Additionally, Tokyo was once known as Edo.","Pizza, because it's versatile, delicious, and brings people together.",Project Manager,Oversees projects from start to finish to ensure they meet company goals.,Near indeed music boy now something cup.,Time sure popular them main anything ok beautiful.
2022-08-22,Michael Lewis,Amazon,"An American multinational conglomerate which focuses on e-commerce, cloud computing, digital streaming, and artificial intelligence.",Task single hold cut town reason economy.,"London, for its historical landmarks and diverse cultural scene. for its historical landmarks and diverse cultural scene. Additionally, More than half of the London Underground network actually runs above ground.","Tacos, for their flavor-packed bites and customizable fillings.",Software Engineer,Develops and maintains software applications.,Like site moment consumer.,Easy staff data say represent pretty central will their oil.
2022-02-24,Rachael Guerrero,Facebook,An American online social media and social networking service owned by Meta Platforms.,Hard on single nor nor relate expect.,"New York, because of its vibrant city life and diversity. because of its vibrant city life and diversity. Additionally, More than 800 languages are spoken in New York, making it the most linguistically diverse city in the world.","Tacos, for their flavor-packed bites and customizable fillings.",Graphic Designer,"Creates visual concepts to communicate ideas that inspire, inform, or captivate consumers.",Huge woman car environmental listen.,Final cup speak institution gas several place run then sell.
2019-05-04,Paul Vega,Facebook,An American online social media and social networking service owned by Meta Platforms.,Peace court happy challenge your cause quickly.,"London, for its historical landmarks and diverse cultural scene. for its historical landmarks and diverse cultural scene. Additionally, London has hosted the Summer Olympics three times: in 1908, 1948, and 2012.","Pasta, for its comfort, versatility in dishes, and rich flavors.",Data Analyst,Interprets data and turns it into information which can offer ways to improve a business.,Simple oil room but.,Resource American himself cover black.
2023-08-15,Douglas Acosta,Microsoft,"An American multinational technology corporation which produces computer software, consumer electronics, personal computers, and related services.",Drop simply him newspaper use way clearly.,"Tokyo, for its unique blend of traditional and modern for its unique blend of traditional and modern Additionally, It's considered one of the world's most important and powerful global cities.","Pasta, for its comfort, versatility in dishes, and rich flavors.",Product Manager,Oversees the development of products from conception through launch.,Learn agree claim fund.,Still media fund entire participant time turn accept need TV.
2023-02-23,Gabriel Roberts,Microsoft,"An American multinational technology corporation which produces computer software, consumer electronics, personal computers, and related services.",Son evidence collection region general there.,"London, for its historical landmarks and diverse cultural scene. for its historical landmarks and diverse cultural scene. Additionally, London has hosted the Summer Olympics three times: in 1908, 1948, and 2012.","Sushi, for its fresh flavors and artful presentation.",Data Analyst,Interprets data and turns it into information which can offer ways to improve a business.,Onto administration police threat like food.,Explain build billion morning challenge why.
2022-11-07,Clifford Edwards,Amazon,"An American multinational conglomerate which focuses on e-commerce, cloud computing, digital streaming, and artificial intelligence.",Brother pick thought.,"Tokyo, for its unique blend of traditional and modern for its unique blend of traditional and modern Additionally, It's considered one of the world's most important and powerful global cities.","Chocolate, because it's comforting, decadent, and a sweet treat for any occasion.",Software Engineer,Develops and maintains software applications.,Even threat every real experience poor.,Particularly news seem entire play.